DoB,DoT,SEX,BMI,BP,TC,BGU,FDR,Target,Age,Risk,Risk%,FHRisk,CombRisk
2000-03-19,2024-04-02,-1,0.353125,0.3411764705882353,5.0,0.4729729729729729,2,206.0,24,8.475000000000001,0.17,0.62,0.26
1984-02-14,2024-02-11,-1,0.4031249999999999,0.4352941176470588,3.0,0.3648648648648648,2,60.0,40,16.124999999999996,0.33,0.62,0.37
1957-03-13,2024-03-02,-1,0.275,0.3764705882352941,3.0,0.5135135135135135,2,127.0,67,18.425,0.37,0.62,0.4
1963-01-08,2024-01-10,-1,0.3125,0.4235294117647059,3.0,0.2567567567567567,1,118.0,61,19.0625,0.38,0.38,0.3
1995-10-24,2024-11-26,-1,0.375,0.3294117647058823,2.0,0.3918918918918919,1,61.0,29,10.875,0.22,0.38,0.23
1998-06-10,2024-07-20,-1,0.15,0.3294117647058823,3.0,0.2027027027027027,2,51.0,26,3.9,0.08,0.62,0.2
1959-07-25,2024-11-15,-1,0.3249999999999999,0.7647058823529411,6.0,0.945945945945946,1,281.0,65,21.124999999999996,0.43,0.38,0.32
1962-02-09,2024-02-15,-1,0.265625,0.8235294117647058,2.0,0.5540540540540541,2,103.0,62,16.46875,0.33,0.62,0.37
1972-08-12,2024-11-21,-1,0.484375,0.5803529411764705,4.31,0.5945945945945946,1,198.0,52,25.1875,0.51,0.38,0.36
1980-09-18,2024-10-08,-1,0.54375,0.7058823529411765,3.0,0.4729729729729729,1,293.0,44,23.925,0.48,0.38,0.35
1987-08-18,2024-09-20,-1,0.290625,0.388235294117647,3.4,0.3783783783783784,2,94.0,37,10.753125,0.22,0.62,0.3
1983-07-07,2024-09-11,-1,0.284375,0.3647058823529411,3.0,0.081081081081081,2,125.0,41,11.659375,0.24,0.62,0.31
1969-01-28,2024-01-22,-1,0.565625,0.6470588235294118,4.0,0.4864864864864865,2,281.0,55,31.109375000000004,0.63,0.62,0.59
1977-04-20,2024-08-07,-1,0.509375,0.6352941176470588,3.0,0.5945945945945946,0,166.0,47,23.940625,0.48,0.15,0.22
2002-05-13,2024-07-20,-1,0.28125,0.2117647058823529,3.0,0.5,0,200.0,22,6.1875,0.12,0.15,0.16
1979-05-12,2024-05-02,-1,0.196875,0.2274117647058823,3.88,0.3378378378378378,1,96.0,45,8.859375,0.18,0.38,0.22
1983-07-11,2024-12-25,-1,0.64375,0.3803529411764705,5.0,0.7567567567567568,1,279.0,41,26.39375,0.53,0.38,0.37
1990-10-19,2024-12-01,-1,0.20625,0.3764705882352941,3.0,0.2702702702702703,1,115.0,34,7.012499999999999,0.14,0.38,0.2
1970-09-21,2024-11-23,-1,0.31875,0.2235294117647059,2.0,0.7432432432432432,2,92.0,54,17.2125,0.35,0.62,0.39
1992-09-14,2024-10-18,-1,0.390625,0.3647058823529411,4.0,0.3243243243243243,2,258.0,32,12.5,0.25,0.62,0.32
1977-09-27,2024-11-25,-1,0.5125,0.7647058823529411,4.0,0.4459459459459459,2,195.0,47,24.0875,0.49,0.62,0.48
1988-06-08,2024-12-05,-1,0.175,0.188235294117647,3.0,0.5135135135135135,2,57.0,36,6.3,0.13,0.62,0.23
1973-08-27,2024-12-18,-1,0.4343749999999999,0.4823529411764706,5.0,0.8918918918918919,1,268.0,51,22.153125,0.45,0.38,0.33
1962-05-28,2024-09-27,-1,0.2624999999999999,0.2823529411764706,4.0,0.2972972972972973,0,64.0,62,16.274999999999995,0.33,0.15,0.2
1977-07-11,2024-07-26,-1,0.45625,0.4941176470588235,3.0,0.4594594594594595,1,121.0,47,21.44375,0.43,0.38,0.32
1957-04-11,2024-08-06,-1,0.2093749999999999,0.3294117647058823,3.0,0.3108108108108108,0,89.0,67,14.028124999999992,0.28,0.15,0.18
1976-06-18,2024-06-02,-1,0.3093749999999999,0.6352941176470588,6.0,0.5675675675675675,1,152.0,48,14.849999999999994,0.3,0.38,0.26
1988-02-13,2024-02-06,-1,0.275,0.3764705882352941,4.0,0.3783783783783784,1,93.0,36,9.9,0.2,0.38,0.23
1990-03-01,2024-04-23,-1,0.384375,0.3764705882352941,3.0,0.5675675675675675,0,113.0,34,13.06875,0.26,0.15,0.18
1967-06-20,2024-07-04,-1,0.503125,0.7294117647058823,5.0,0.8918918918918919,0,155.0,57,28.678125,0.58,0.15,0.24
1955-04-06,2024-04-12,-1,0.71875,0.5647058823529412,4.0,0.4864864864864865,2,237.0,69,49.59375,1.0,0.62,0.85
1980-07-26,2024-10-18,-1,0.3562499999999999,0.4705882352941176,3.0,0.3918918918918919,0,25.0,44,15.674999999999995,0.32,0.15,0.2
1982-07-23,2024-09-22,-1,0.1843749999999999,0.2470588235294117,3.0,0.3378378378378378,1,63.0,42,7.743749999999996,0.16,0.38,0.21
1968-06-24,2024-07-01,-1,0.65625,0.286235294117647,4.64,0.5675675675675675,2,140.0,56,36.75,0.74,0.62,0.67
1971-09-23,2024-10-07,-1,0.4375,0.388235294117647,4.0,0.5,2,128.0,53,23.1875,0.47,0.62,0.47
1968-04-16,2024-04-26,-1,0.40625,0.5882352941176471,5.0,0.5405405405405406,2,67.0,56,22.75,0.46,0.62,0.47
1978-02-22,2024-02-28,-1,0.4968749999999999,0.3294117647058823,4.5,0.5945945945945946,2,167.0,46,22.85625,0.46,0.62,0.47
1989-03-18,2024-03-08,-1,0.221875,0.3176470588235294,3.0,0.5540540540540541,0,68.0,35,7.765625,0.16,0.15,0.16
1980-03-08,2024-04-22,-1,0.234375,0.3529411764705882,3.0,0.4054054054054054,2,181.0,44,10.3125,0.21,0.62,0.29
1971-07-21,2024-09-28,-1,0.6000000000000001,0.3255294117647059,4.04,0.6486486486486487,1,275.0,53,31.800000000000004,0.64,0.38,0.41
1993-04-22,2024-04-25,-1,0.290625,0.3529411764705882,4.0,0.3108108108108108,1,214.0,31,9.009375,0.18,0.38,0.22
1991-06-26,2024-06-16,-1,0.353125,0.3529411764705882,3.0,0.2162162162162162,2,190.0,33,11.653125,0.23,0.62,0.3
1989-03-25,2024-03-28,-1,0.459375,0.4941176470588235,3.0,0.527027027027027,1,182.0,35,16.078125,0.32,0.38,0.28
1991-01-09,2024-01-18,-1,0.171875,0.2941176470588235,2.0,0.3513513513513513,1,48.0,33,5.671875,0.11,0.38,0.18
1984-05-02,2024-05-08,-1,0.521875,0.5176470588235295,4.0,0.4189189189189189,2,99.0,40,20.875,0.42,0.62,0.44
1987-07-08,2024-09-13,-1,0.50625,0.3764705882352941,4.15,0.4459459459459459,0,52.0,37,18.73125,0.38,0.15,0.21
1990-07-26,2024-09-21,-1,0.359375,0.4470588235294118,4.0,0.4594594594594595,2,59.0,34,12.21875,0.25,0.62,0.32
2001-05-14,2024-09-26,-1,0.26875,0.4,2.0,0.1891891891891892,2,97.0,23,6.18125,0.12,0.62,0.22
1963-07-05,2024-08-28,-1,0.59375,0.4705882352941176,3.0,0.2702702702702703,0,141.0,61,36.21875,0.73,0.15,0.26
1999-07-13,2024-11-18,-1,0.446875,0.3764705882352941,4.0,0.5135135135135135,0,246.0,25,11.171875,0.23,0.15,0.17
1996-04-17,2024-04-07,-1,0.31875,0.4470588235294118,3.0,0.4054054054054054,2,144.0,28,8.924999999999999,0.18,0.62,0.26
1978-04-22,2024-05-19,-1,0.20625,0.2117647058823529,3.0,0.3513513513513513,0,53.0,46,9.4875,0.19,0.15,0.17
1969-03-23,2024-04-09,-1,0.28125,0.4667058823529412,5.0,0.7027027027027027,1,146.0,55,15.46875,0.31,0.38,0.28
1982-09-08,2024-11-04,-1,0.3406249999999999,0.4235294117647059,5.0,0.4729729729729729,0,151.0,42,14.306249999999997,0.29,0.15,0.18
1978-07-16,2024-08-27,-1,0.4187499999999999,0.2705882352941176,3.0,0.4864864864864865,2,276.0,46,19.2625,0.39,0.62,0.41
1970-04-19,2024-05-24,-1,0.4,0.3764705882352941,3.0,0.3513513513513513,1,59.0,54,21.6,0.44,0.38,0.33
1990-02-03,2024-02-18,-1,0.54375,0.3764705882352941,3.0,0.3108108108108108,2,142.0,34,18.4875,0.37,0.62,0.4
1961-03-15,2024-03-18,-1,0.3249999999999999,0.2117647058823529,3.0,0.3243243243243243,1,131.0,63,20.474999999999994,0.41,0.38,0.32
1955-07-22,2024-11-23,-1,0.440625,0.6823529411764706,4.0,0.3108108108108108,1,248.0,69,30.403125,0.61,0.38,0.4
